height,nTime,nonce,nDifficulty,average_hash_calcualtions,targetHash
0,1231006505,2083236893,1,4295032832,00000000ffff0000000000000000000000000000000000000000000000000000
100,1231660825,1573057331,1,4295032832,00000000ffff0000000000000000000000000000000000000000000000000000
200,1231753120,1832536838,1,4295032832,00000000ffff0000000000000000000000000000000000000000000000000000
300,1231832435,951842076,1,4295032832,00000000ffff0000000000000000000000000000000000000000000000000000
400,1231902179,2194885122,1,4295032832,00000000ffff0000000000000000000000000000000000000000000000000000
500,1231968449,2063568441,1,4295032832,00000000ffff0000000000000000000000000000000000000000000000000000
600,1232038747,2396589880,1,4295032832,00000000ffff0000000000000000000000000000000000000000000000000000
700,1232108688,3680906518,1,4295032832,00000000ffff0000000000000000000000000000000000000000000000000000
800,1232194705,2009953288,1,4295032832,00000000ffff0000000000000000000000000000000000000000000000000000
900,1232275729,370611494,1,4295032832,00000000ffff0000000000000000000000000000000000000000000000000000
1000,1232346882,2595206198,1,4295032832,00000000ffff0000000000000000000000000000000000000000000000000000
1100,1232424389,3694510621,1,4295032832,00000000ffff0000000000000000000000000000000000000000000000000000
1200,1232500435,1034021175,1,4295032832,00000000ffff0000000000000000000000000000000000000000000000000000
1300,1232594123,2147005185,1,4295032832,00000000ffff0000000000000000000000000000000000000000000000000000
1400,1232726353,1103297079,1,4295032832,00000000ffff0000000000000000000000000000000000000000000000000000
1500,1232768195,3932909876,1,4295032832,00000000ffff0000000000000000000000000000000000000000000000000000
1600,1232811403,4130546467,1,4295032832,00000000ffff0000000000000000000000000000000000000000000000000000
1700,1232853066,3403812123,1,4295032832,00000000ffff0000000000000000000000000000000000000000000000000000
1800,1232898170,1752590631,1,4295032832,00000000ffff0000000000000000000000000000000000000000000000000000
1900,1232944937,55795203,1,4295032832,00000000ffff0000000000000000000000000000000000000000000000000000
2000,1233046715,2999858432,1,4295032832,00000000ffff0000000000000000000000000000000000000000000000000000
2100,1233136967,81260023,1,4295032832,00000000ffff0000000000000000000000000000000000000000000000000000
2200,1233215459,4204103682,1,4295032832,00000000ffff0000000000000000000000000000000000000000000000000000
2300,1233279118,176132732,1,4295032832,00000000ffff0000000000000000000000000000000000000000000000000000
2400,1233355850,9140222,1,4295032832,00000000ffff0000000000000000000000000000000000000000000000000000
2500,1233421233,5251252,1,4295032832,00000000ffff0000000000000000000000000000000000000000000000000000
2600,1233495650,51902729,1,4295032832,00000000ffff0000000000000000000000000000000000000000000000000000
2700,1233560734,1197611833,1,4295032832,00000000ffff0000000000000000000000000000000000000000000000000000
2800,1233628495,98433300,1,4295032832,00000000ffff0000000000000000000000000000000000000000000000000000
2900,1233693317,4220954907,1,4295032832,00000000ffff0000000000000000000000000000000000000000000000000000
3000,1233761870,3798991363,1,4295032832,00000000ffff0000000000000000000000000000000000000000000000000000
3100,1233833636,74923265,1,4295032832,00000000ffff0000000000000000000000000000000000000000000000000000
3200,1233901171,2334648349,1,4295032832,00000000ffff0000000000000000000000000000000000000000000000000000
3300,1233969746,1384078345,1,4295032832,00000000ffff0000000000000000000000000000000000000000000000000000
3400,1234038283,1888113438,1,4295032832,00000000ffff0000000000000000000000000000000000000000000000000000
3500,1234103440,4133247770,1,4295032832,00000000ffff0000000000000000000000000000000000000000000000000000
3600,1234172560,3485605413,1,4295032832,00000000ffff0000000000000000000000000000000000000000000000000000
3700,1234232960,76897833,1,4295032832,00000000ffff0000000000000000000000000000000000000000000000000000
3800,1234307016,3858949916,1,4295032832,00000000ffff0000000000000000000000000000000000000000000000000000
3900,1234369073,2599535900,1,4295032832,00000000ffff0000000000000000000000000000000000000000000000000000
4000,1234438726,481589526,1,4295032832,00000000ffff0000000000000000000000000000000000000000000000000000
4100,1234513398,4264256803,1,4295032832,00000000ffff0000000000000000000000000000000000000000000000000000
4200,1234578775,859968281,1,4295032832,00000000ffff0000000000000000000000000000000000000000000000000000
4300,1234642585,1759951657,1,4295032832,00000000ffff0000000000000000000000000000000000000000000000000000
4400,1234712572,35922154,1,4295032832,00000000ffff0000000000000000000000000000000000000000000000000000
4500,1234780195,1932915505,1,4295032832,00000000ffff0000000000000000000000000000000000000000000000000000
4600,1234854020,190559005,1,4295032832,00000000ffff0000000000000000000000000000000000000000000000000000
4700,1234928506,1026147371,1,4295032832,00000000ffff0000000000000000000000000000000000000000000000000000
4800,1234999980,817992754,1,4295032832,00000000ffff0000000000000000000000000000000000000000000000000000
4900,1235069935,2452382980,1,4295032832,00000000ffff0000000000000000000000000000000000000000000000000000
5000,1235135895,3600108085,1,4295032832,00000000ffff0000000000000000000000000000000000000000000000000000
5100,1235216369,3697492275,1,4295032832,00000000ffff0000000000000000000000000000000000000000000000000000
5200,1235287575,49747388,1,4295032832,00000000ffff0000000000000000000000000000000000000000000000000000
5300,1235363590,2309402673,1,4295032832,00000000ffff0000000000000000000000000000000000000000000000000000
5400,1235441214,797134880,1,4295032832,00000000ffff0000000000000000000000000000000000000000000000000000
5500,1235522439,4173632551,1,4295032832,00000000ffff0000000000000000000000000000000000000000000000000000
5600,1235603390,3555690801,1,4295032832,00000000ffff0000000000000000000000000000000000000000000000000000
5700,1235685058,95474722,1,4295032832,00000000ffff0000000000000000000000000000000000000000000000000000
5800,1235759543,1569117704,1,4295032832,00000000ffff0000000000000000000000000000000000000000000000000000
5900,1235844652,1617216052,1,4295032832,00000000ffff0000000000000000000000000000000000000000000000000000
6000,1235927934,3598075177,1,4295032832,00000000ffff0000000000000000000000000000000000000000000000000000
6100,1236009327,2109206276,1,4295032832,00000000ffff0000000000000000000000000000000000000000000000000000
6200,1236091245,2249377822,1,4295032832,00000000ffff0000000000000000000000000000000000000000000000000000
6300,1236173055,582167297,1,4295032832,00000000ffff0000000000000000000000000000000000000000000000000000
6400,1236255817,364366881,1,4295032832,00000000ffff0000000000000000000000000000000000000000000000000000
6500,1236330950,56467253,1,4295032832,00000000ffff0000000000000000000000000000000000000000000000000000
6600,1236406309,230414087,1,4295032832,00000000ffff0000000000000000000000000000000000000000000000000000
6700,1236483530,2220634668,1,4295032832,00000000ffff0000000000000000000000000000000000000000000000000000
6800,1236557941,1972932918,1,4295032832,00000000ffff0000000000000000000000000000000000000000000000000000
6900,1236637017,3217060099,1,4295032832,00000000ffff0000000000000000000000000000000000000000000000000000
7000,1236717839,875775009,1,4295032832,00000000ffff0000000000000000000000000000000000000000000000000000
7100,1236797719,277505901,1,4295032832,00000000ffff0000000000000000000000000000000000000000000000000000
7200,1236870305,38194021,1,4295032832,00000000ffff0000000000000000000000000000000000000000000000000000
7300,1236948776,2918124330,1,4295032832,00000000ffff0000000000000000000000000000000000000000000000000000
7400,1237024362,1036532482,1,4295032832,00000000ffff0000000000000000000000000000000000000000000000000000
7500,1237098418,2327771674,1,4295032832,00000000ffff0000000000000000000000000000000000000000000000000000
7600,1237169025,854094121,1,4295032832,00000000ffff0000000000000000000000000000000000000000000000000000
7700,1237239228,834065949,1,4295032832,00000000ffff0000000000000000000000000000000000000000000000000000
7800,1237313789,2717516594,1,4295032832,00000000ffff0000000000000000000000000000000000000000000000000000
7900,1237391631,3376655881,1,4295032832,00000000ffff0000000000000000000000000000000000000000000000000000
8000,1237461258,67698968,1,4295032832,00000000ffff0000000000000000000000000000000000000000000000000000
8100,1237531841,1188561669,1,4295032832,00000000ffff0000000000000000000000000000000000000000000000000000
8200,1237606174,3115401502,1,4295032832,00000000ffff0000000000000000000000000000000000000000000000000000
8300,1237730069,2275079480,1,4295032832,00000000ffff0000000000000000000000000000000000000000000000000000
8400,1237799678,621874233,1,4295032832,00000000ffff0000000000000000000000000000000000000000000000000000
8500,1237872782,3480655912,1,4295032832,00000000ffff0000000000000000000000000000000000000000000000000000
8600,1237950437,2488542247,1,4295032832,00000000ffff0000000000000000000000000000000000000000000000000000
8700,1238024020,91419215,1,4295032832,00000000ffff0000000000000000000000000000000000000000000000000000
8800,1238100809,1340158006,1,4295032832,00000000ffff0000000000000000000000000000000000000000000000000000
8900,1238178692,1809486903,1,4295032832,00000000ffff0000000000000000000000000000000000000000000000000000
9000,1238252710,2656372516,1,4295032832,00000000ffff0000000000000000000000000000000000000000000000000000
9100,1238329657,2488664361,1,4295032832,00000000ffff0000000000000000000000000000000000000000000000000000
9200,1238398315,715505415,1,4295032832,00000000ffff0000000000000000000000000000000000000000000000000000
9300,1238474595,28930699,1,4295032832,00000000ffff0000000000000000000000000000000000000000000000000000
9400,1238552393,1226331929,1,4295032832,00000000ffff0000000000000000000000000000000000000000000000000000
9500,1238628202,194414146,1,4295032832,00000000ffff0000000000000000000000000000000000000000000000000000
9600,1238700831,1009528832,1,4295032832,00000000ffff0000000000000000000000000000000000000000000000000000
9700,1238777920,694636825,1,4295032832,00000000ffff0000000000000000000000000000000000000000000000000000
9800,1238856609,680978232,1,4295032832,00000000ffff0000000000000000000000000000000000000000000000000000
9900,1238923377,2571692822,1,4295032832,00000000ffff0000000000000000000000000000000000000000000000000000
10000,1238988213,2145410362,1,4295032832,00000000ffff0000000000000000000000000000000000000000000000000000
10100,1239073196,1130028316,1,4295032832,00000000ffff0000000000000000000000000000000000000000000000000000
10200,1239158100,3269754405,1,4295032832,00000000ffff0000000000000000000000000000000000000000000000000000
10300,1239243778,3726407736,1,4295032832,00000000ffff0000000000000000000000000000000000000000000000000000
10400,1239329460,192761385,1,4295032832,00000000ffff0000000000000000000000000000000000000000000000000000
10500,1239410223,2776557599,1,4295032832,00000000ffff0000000000000000000000000000000000000000000000000000
10600,1239479487,129507134,1,4295032832,00000000ffff0000000000000000000000000000000000000000000000000000
10700,1239556166,587136312,1,4295032832,00000000ffff0000000000000000000000000000000000000000000000000000
10800,1239627725,4139213077,1,4295032832,00000000ffff0000000000000000000000000000000000000000000000000000
10900,1239698490,2917864229,1,4295032832,00000000ffff0000000000000000000000000000000000000000000000000000
11000,1239771564,66993854,1,4295032832,00000000ffff0000000000000000000000000000000000000000000000000000
11100,1239846375,293305654,1,4295032832,00000000ffff0000000000000000000000000000000000000000000000000000
11200,1239918184,1450762757,1,4295032832,00000000ffff0000000000000000000000000000000000000000000000000000
11300,1239993640,192237260,1,4295032832,00000000ffff0000000000000000000000000000000000000000000000000000
11400,1240063947,904275486,1,4295032832,00000000ffff0000000000000000000000000000000000000000000000000000
11500,1240137820,200229149,1,4295032832,00000000ffff0000000000000000000000000000000000000000000000000000
11600,1240209930,3203443754,1,4295032832,00000000ffff0000000000000000000000000000000000000000000000000000
11700,1240280559,3537012246,1,4295032832,00000000ffff0000000000000000000000000000000000000000000000000000
11800,1240352092,16265987,1,4295032832,00000000ffff0000000000000000000000000000000000000000000000000000
11900,1240424189,2809301040,1,4295032832,00000000ffff0000000000000000000000000000000000000000000000000000
12000,1240527039,2340861746,1,4295032832,00000000ffff0000000000000000000000000000000000000000000000000000
12100,1240602718,2347534885,1,4295032832,00000000ffff0000000000000000000000000000000000000000000000000000
12200,1240672260,390233372,1,4295032832,00000000ffff0000000000000000000000000000000000000000000000000000
12300,1240748085,1238370586,1,4295032832,00000000ffff0000000000000000000000000000000000000000000000000000
12400,1240836026,4041847837,1,4295032832,00000000ffff0000000000000000000000000000000000000000000000000000
12500,1240910013,1765010456,1,4295032832,00000000ffff0000000000000000000000000000000000000000000000000000
12600,1240984231,1539823621,1,4295032832,00000000ffff0000000000000000000000000000000000000000000000000000
12700,1241048514,3778423305,1,4295032832,00000000ffff0000000000000000000000000000000000000000000000000000
12800,1241114845,539342872,1,4295032832,00000000ffff0000000000000000000000000000000000000000000000000000
12900,1241188042,4210237997,1,4295032832,00000000ffff0000000000000000000000000000000000000000000000000000
13000,1241251100,4007557418,1,4295032832,00000000ffff0000000000000000000000000000000000000000000000000000
13100,1241333307,1419040795,1,4295032832,00000000ffff0000000000000000000000000000000000000000000000000000
13200,1241402644,107800414,1,4295032832,00000000ffff0000000000000000000000000000000000000000000000000000
13300,1241473917,1423598087,1,4295032832,00000000ffff0000000000000000000000000000000000000000000000000000
13400,1241535397,1874811424,1,4295032832,00000000ffff0000000000000000000000000000000000000000000000000000
13500,1241602564,3075116327,1,4295032832,00000000ffff0000000000000000000000000000000000000000000000000000
13600,1241666599,354351325,1,4295032832,00000000ffff0000000000000000000000000000000000000000000000000000
13700,1241739825,120995985,1,4295032832,00000000ffff0000000000000000000000000000000000000000000000000000
13800,1241812705,161577314,1,4295032832,00000000ffff0000000000000000000000000000000000000000000000000000
13900,1241947032,2582421040,1,4295032832,00000000ffff0000000000000000000000000000000000000000000000000000
14000,1242020885,1741525806,1,4295032832,00000000ffff0000000000000000000000000000000000000000000000000000
14100,1242090369,1887357444,1,4295032832,00000000ffff0000000000000000000000000000000000000000000000000000
14200,1242157106,1488675351,1,4295032832,00000000ffff0000000000000000000000000000000000000000000000000000
14300,1242231592,2163622941,1,4295032832,00000000ffff0000000000000000000000000000000000000000000000000000
14400,1242301274,2757571376,1,4295032832,00000000ffff0000000000000000000000000000000000000000000000000000
14500,1242360348,148951776,1,4295032832,00000000ffff0000000000000000000000000000000000000000000000000000
14600,1242422965,3869199387,1,4295032832,00000000ffff0000000000000000000000000000000000000000000000000000
14700,1242499656,2567822364,1,4295032832,00000000ffff0000000000000000000000000000000000000000000000000000
14800,1242568438,107085618,1,4295032832,00000000ffff0000000000000000000000000000000000000000000000000000
14900,1242637969,142740226,1,4295032832,00000000ffff0000000000000000000000000000000000000000000000000000
15000,1242708482,2416807168,1,4295032832,00000000ffff0000000000000000000000000000000000000000000000000000
15100,1242805276,3729138720,1,4295032832,00000000ffff0000000000000000000000000000000000000000000000000000
15200,1242876404,1152530733,1,4295032832,00000000ffff0000000000000000000000000000000000000000000000000000
15300,1242981712,175274164,1,4295032832,00000000ffff0000000000000000000000000000000000000000000000000000
15400,1243154236,3117304841,1,4295032832,00000000ffff0000000000000000000000000000000000000000000000000000
15500,1243249406,83607200,1,4295032832,00000000ffff0000000000000000000000000000000000000000000000000000
15600,1243324207,337259032,1,4295032832,00000000ffff0000000000000000000000000000000000000000000000000000
15700,1243390382,378675203,1,4295032832,00000000ffff0000000000000000000000000000000000000000000000000000
15800,1243462121,1763504135,1,4295032832,00000000ffff0000000000000000000000000000000000000000000000000000
15900,1243552793,370121989,1,4295032832,00000000ffff0000000000000000000000000000000000000000000000000000
16000,1243632604,163686697,1,4295032832,00000000ffff0000000000000000000000000000000000000000000000000000
16100,1243716525,3088568854,1,4295032832,00000000ffff0000000000000000000000000000000000000000000000000000
16200,1243787978,3031088919,1,4295032832,00000000ffff0000000000000000000000000000000000000000000000000000
16300,1243912119,1194518022,1,4295032832,00000000ffff0000000000000000000000000000000000000000000000000000
16400,1243991207,2179848503,1,4295032832,00000000ffff0000000000000000000000000000000000000000000000000000
16500,1244133616,1418845960,1,4295032832,00000000ffff0000000000000000000000000000000000000000000000000000
16600,1244410716,1964155926,1,4295032832,00000000ffff0000000000000000000000000000000000000000000000000000
16700,1244515277,413818669,1,4295032832,00000000ffff0000000000000000000000000000000000000000000000000000
16800,1244614892,4096827188,1,4295032832,00000000ffff0000000000000000000000000000000000000000000000000000
16900,1244712760,3931650097,1,4295032832,00000000ffff0000000000000000000000000000000000000000000000000000
17000,1244803007,21322788,1,4295032832,00000000ffff0000000000000000000000000000000000000000000000000000
17100,1244917548,104179534,1,4295032832,00000000ffff0000000000000000000000000000000000000000000000000000
17200,1245036197,923876405,1,4295032832,00000000ffff0000000000000000000000000000000000000000000000000000
17300,1245140270,3872151811,1,4295032832,00000000ffff0000000000000000000000000000000000000000000000000000
17400,1245261917,3851266332,1,4295032832,00000000ffff0000000000000000000000000000000000000000000000000000
17500,1245369325,137786166,1,4295032832,00000000ffff0000000000000000000000000000000000000000000000000000
17600,1245468110,59459890,1,4295032832,00000000ffff0000000000000000000000000000000000000000000000000000
17700,1245577360,139733121,1,4295032832,00000000ffff0000000000000000000000000000000000000000000000000000
17800,1245684972,1739010597,1,4295032832,00000000ffff0000000000000000000000000000000000000000000000000000
17900,1245802378,3916451613,1,4295032832,00000000ffff0000000000000000000000000000000000000000000000000000
18000,1245893505,2401988649,1,4295032832,00000000ffff0000000000000000000000000000000000000000000000000000
18100,1246008235,37549353,1,4295032832,00000000ffff0000000000000000000000000000000000000000000000000000
18200,1246112108,3073300271,1,4295032832,00000000ffff0000000000000000000000000000000000000000000000000000
18300,1246252082,42587911,1,4295032832,00000000ffff0000000000000000000000000000000000000000000000000000
18400,1246360126,2421168687,1,4295032832,00000000ffff0000000000000000000000000000000000000000000000000000
18500,1246454247,85693520,1,4295032832,00000000ffff0000000000000000000000000000000000000000000000000000
18600,1246571560,4820889,1,4295032832,00000000ffff0000000000000000000000000000000000000000000000000000
18700,1246674701,748419715,1,4295032832,00000000ffff0000000000000000000000000000000000000000000000000000
18800,1246772851,250505717,1,4295032832,00000000ffff0000000000000000000000000000000000000000000000000000
18900,1246879284,3029767472,1,4295032832,00000000ffff0000000000000000000000000000000000000000000000000000
19000,1246998024,187762709,1,4295032832,00000000ffff0000000000000000000000000000000000000000000000000000
19100,1247113340,1211627265,1,4295032832,00000000ffff0000000000000000000000000000000000000000000000000000
19200,1247211061,1410055702,1,4295032832,00000000ffff0000000000000000000000000000000000000000000000000000
19300,1247317010,4276677139,1,4295032832,00000000ffff0000000000000000000000000000000000000000000000000000
19400,1247431033,1309455874,1,4295032832,00000000ffff0000000000000000000000000000000000000000000000000000
19500,1247538208,3788840986,1,4295032832,00000000ffff0000000000000000000000000000000000000000000000000000
19600,1247696683,341971362,1,4295032832,00000000ffff0000000000000000000000000000000000000000000000000000
19700,1247821298,2213037852,1,4295032832,00000000ffff0000000000000000000000000000000000000000000000000000
19800,1248057595,1054349056,1,4295032832,00000000ffff0000000000000000000000000000000000000000000000000000
19900,1248169838,3239718951,1,4295032832,00000000ffff0000000000000000000000000000000000000000000000000000
20000,1248291739,2406314246,1,4295032832,00000000ffff0000000000000000000000000000000000000000000000000000
20100,1248410105,380527631,1,4295032832,00000000ffff0000000000000000000000000000000000000000000000000000
20200,1248626893,522846386,1,4295032832,00000000ffff0000000000000000000000000000000000000000000000000000
20300,1248759617,306170677,1,4295032832,00000000ffff0000000000000000000000000000000000000000000000000000
20400,1249165614,584856341,1,4295032832,00000000ffff0000000000000000000000000000000000000000000000000000
20500,1249416720,752478765,1,4295032832,00000000ffff0000000000000000000000000000000000000000000000000000
20600,1249510504,934966036,1,4295032832,00000000ffff0000000000000000000000000000000000000000000000000000
20700,1249607051,952982532,1,4295032832,00000000ffff0000000000000000000000000000000000000000000000000000
20800,1249715314,69256135,1,4295032832,00000000ffff0000000000000000000000000000000000000000000000000000
20900,1249812841,40292098,1,4295032832,00000000ffff0000000000000000000000000000000000000000000000000000
21000,1249908337,4111140104,1,4295032832,00000000ffff0000000000000000000000000000000000000000000000000000
21100,1250032467,294735248,1,4295032832,00000000ffff0000000000000000000000000000000000000000000000000000
21200,1250151477,3505939997,1,4295032832,00000000ffff0000000000000000000000000000000000000000000000000000
21300,1250276111,715880966,1,4295032832,00000000ffff0000000000000000000000000000000000000000000000000000
21400,1250710529,524251836,1,4295032832,00000000ffff0000000000000000000000000000000000000000000000000000
21500,1251191283,1909875234,1,4295032832,00000000ffff0000000000000000000000000000000000000000000000000000
21600,1251410839,2085637914,1,4295032832,00000000ffff0000000000000000000000000000000000000000000000000000
21700,1251529433,448785328,1,4295032832,00000000ffff0000000000000000000000000000000000000000000000000000
21800,1251629422,470628239,1,4295032832,00000000ffff0000000000000000000000000000000000000000000000000000
21900,1251719879,288031217,1,4295032832,00000000ffff0000000000000000000000000000000000000000000000000000
22000,1251826171,1404749333,1,4295032832,00000000ffff0000000000000000000000000000000000000000000000000000
22100,1251959734,2781735195,1,4295032832,00000000ffff0000000000000000000000000000000000000000000000000000
22200,1252097779,2028235809,1,4295032832,00000000ffff0000000000000000000000000000000000000000000000000000
22300,1252216611,3590471715,1,4295032832,00000000ffff0000000000000000000000000000000000000000000000000000
22400,1252331681,2088585764,1,4295032832,00000000ffff0000000000000000000000000000000000000000000000000000
22500,1252455730,534200344,1,4295032832,00000000ffff0000000000000000000000000000000000000000000000000000
22600,1252607056,469320543,1,4295032832,00000000ffff0000000000000000000000000000000000000000000000000000
22700,1252730558,3428468758,1,4295032832,00000000ffff0000000000000000000000000000000000000000000000000000
22800,1252855089,210791703,1,4295032832,00000000ffff0000000000000000000000000000000000000000000000000000
22900,1252966738,4061863196,1,4295032832,00000000ffff0000000000000000000000000000000000000000000000000000
23000,1253121103,3546281760,1,4295032832,00000000ffff0000000000000000000000000000000000000000000000000000
23100,1253223980,11245331,1,4295032832,00000000ffff0000000000000000000000000000000000000000000000000000
23200,1253334857,1249802269,1,4295032832,00000000ffff0000000000000000000000000000000000000000000000000000
23300,1253453177,153503769,1,4295032832,00000000ffff0000000000000000000000000000000000000000000000000000
23400,1253568833,3990618919,1,4295032832,00000000ffff0000000000000000000000000000000000000000000000000000
23500,1253778633,2194328868,1,4295032832,00000000ffff0000000000000000000000000000000000000000000000000000
23600,1253873034,3741543188,1,4295032832,00000000ffff0000000000000000000000000000000000000000000000000000
23700,1253969582,1870516755,1,4295032832,00000000ffff0000000000000000000000000000000000000000000000000000
23800,1254057142,241804819,1,4295032832,00000000ffff0000000000000000000000000000000000000000000000000000
23900,1254156951,219438875,1,4295032832,00000000ffff0000000000000000000000000000000000000000000000000000
24000,1254257892,2962368537,1,4295032832,00000000ffff0000000000000000000000000000000000000000000000000000
24100,1254359020,1088258070,1,4295032832,00000000ffff0000000000000000000000000000000000000000000000000000
24200,1254460339,299797277,1,4295032832,00000000ffff0000000000000000000000000000000000000000000000000000
24300,1254606588,249566985,1,4295032832,00000000ffff0000000000000000000000000000000000000000000000000000
24400,1254750088,3576597539,1,4295032832,00000000ffff0000000000000000000000000000000000000000000000000000
24500,1254934689,536965492,1,4295032832,00000000ffff0000000000000000000000000000000000000000000000000000
24600,1255054304,4223661598,1,4295032832,00000000ffff0000000000000000000000000000000000000000000000000000
24700,1255162097,119065168,1,4295032832,00000000ffff0000000000000000000000000000000000000000000000000000
24800,1255274887,2188600097,1,4295032832,00000000ffff0000000000000000000000000000000000000000000000000000
24900,1255419906,677415520,1,4295032832,00000000ffff0000000000000000000000000000000000000000000000000000
25000,1255562441,58357300,1,4295032832,00000000ffff0000000000000000000000000000000000000000000000000000
25100,1255675109,297786978,1,4295032832,00000000ffff0000000000000000000000000000000000000000000000000000
25200,1255832808,1139698876,1,4295032832,00000000ffff0000000000000000000000000000000000000000000000000000
25300,1255936168,365547371,1,4295032832,00000000ffff0000000000000000000000000000000000000000000000000000
25400,1256009966,3592319521,1,4295032832,00000000ffff0000000000000000000000000000000000000000000000000000
25500,1256110683,829983820,1,4295032832,00000000ffff0000000000000000000000000000000000000000000000000000
25600,1256213343,608157353,1,4295032832,00000000ffff0000000000000000000000000000000000000000000000000000
25700,1256312604,87249791,1,4295032832,00000000ffff0000000000000000000000000000000000000000000000000000
25800,1256433998,187819607,1,4295032832,00000000ffff0000000000000000000000000000000000000000000000000000
25900,1256547526,108696943,1,4295032832,00000000ffff0000000000000000000000000000000000000000000000000000
26000,1256681097,70081579,1,4295032832,00000000ffff0000000000000000000000000000000000000000000000000000
26100,1256826832,61785781,1,4295032832,00000000ffff0000000000000000000000000000000000000000000000000000
26200,1256974990,796624486,1,4295032832,00000000ffff0000000000000000000000000000000000000000000000000000
26300,1257238865,1206163100,1,4295032832,00000000ffff0000000000000000000000000000000000000000000000000000
26400,1257369053,488707790,1,4295032832,00000000ffff0000000000000000000000000000000000000000000000000000
26500,1257520311,350428868,1,4295032832,00000000ffff0000000000000000000000000000000000000000000000000000
26600,1257642386,275322182,1,4295032832,00000000ffff0000000000000000000000000000000000000000000000000000
26700,1257765775,1735550488,1,4295032832,00000000ffff0000000000000000000000000000000000000000000000000000
26800,1257891451,448553434,1,4295032832,00000000ffff0000000000000000000000000000000000000000000000000000
26900,1258017645,3085994496,1,4295032832,00000000ffff0000000000000000000000000000000000000000000000000000
27000,1258140529,51592200,1,4295032832,00000000ffff0000000000000000000000000000000000000000000000000000
27100,1258244829,900708123,1,4295032832,00000000ffff0000000000000000000000000000000000000000000000000000
27200,1258331077,17223436,1,4295032832,00000000ffff0000000000000000000000000000000000000000000000000000
27300,1258420711,70366160,1,4295032832,00000000ffff0000000000000000000000000000000000000000000000000000
27400,1258516249,805129222,1,4295032832,00000000ffff0000000000000000000000000000000000000000000000000000
27500,1258632798,315940061,1,4295032832,00000000ffff0000000000000000000000000000000000000000000000000000
27600,1258740490,298894111,1,4295032832,00000000ffff0000000000000000000000000000000000000000000000000000
27700,1258852508,3043892252,1,4295032832,00000000ffff0000000000000000000000000000000000000000000000000000
27800,1258935056,205385478,1,4295032832,00000000ffff0000000000000000000000000000000000000000000000000000
27900,1259027546,336130387,1,4295032832,00000000ffff0000000000000000000000000000000000000000000000000000
28000,1259116698,494681880,1,4295032832,00000000ffff0000000000000000000000000000000000000000000000000000
28100,1259213789,87667298,1,4295032832,00000000ffff0000000000000000000000000000000000000000000000000000
28200,1259323402,1536663557,1,4295032832,00000000ffff0000000000000000000000000000000000000000000000000000
28300,1259444149,176840223,1,4295032832,00000000ffff0000000000000000000000000000000000000000000000000000
28400,1259578893,368056085,1,4295032832,00000000ffff0000000000000000000000000000000000000000000000000000
28500,1259699096,102914196,1,4295032832,00000000ffff0000000000000000000000000000000000000000000000000000
28600,1259788392,114740101,1,4295032832,00000000ffff0000000000000000000000000000000000000000000000000000
28700,1259892325,789822762,1,4295032832,00000000ffff0000000000000000000000000000000000000000000000000000
28800,1260059629,46552746,1,4295032832,00000000ffff0000000000000000000000000000000000000000000000000000
28900,1260145931,1270655990,1,4295032832,00000000ffff0000000000000000000000000000000000000000000000000000
29000,1260223785,1979928328,1,4295032832,00000000ffff0000000000000000000000000000000000000000000000000000
29100,1260302801,334198103,1,4295032832,00000000ffff0000000000000000000000000000000000000000000000000000
29200,1260396936,148567262,1,4295032832,00000000ffff0000000000000000000000000000000000000000000000000000
29300,1260480957,783706564,1,4295032832,00000000ffff0000000000000000000000000000000000000000000000000000
29400,1260540442,59949099,1,4295032832,00000000ffff0000000000000000000000000000000000000000000000000000
29500,1260632474,39758214,1,4295032832,00000000ffff0000000000000000000000000000000000000000000000000000
29600,1260715905,24012566,1,4295032832,00000000ffff0000000000000000000000000000000000000000000000000000
29700,1260794182,2157173781,1,4295032832,00000000ffff0000000000000000000000000000000000000000000000000000
29800,1260869167,33610819,1,4295032832,00000000ffff0000000000000000000000000000000000000000000000000000
29900,1260949547,646822221,1,4295032832,00000000ffff0000000000000000000000000000000000000000000000000000
30000,1261007544,2747428616,1,4295032832,00000000ffff0000000000000000000000000000000000000000000000000000
30100,1261062547,89159458,1,4295032832,00000000ffff0000000000000000000000000000000000000000000000000000
30200,1261109171,123767494,1,4295032832,00000000ffff0000000000000000000000000000000000000000000000000000
30300,1261152194,137128469,1,4295032832,00000000ffff0000000000000000000000000000000000000000000000000000
30400,1261182863,20079082,1,4295032832,00000000ffff0000000000000000000000000000000000000000000000000000
30500,1261230216,48386118,1,4295032832,00000000ffff0000000000000000000000000000000000000000000000000000
30600,1261273503,3008829184,1,4295032832,00000000ffff0000000000000000000000000000000000000000000000000000
30700,1261322122,3271681284,1,4295032832,00000000ffff0000000000000000000000000000000000000000000000000000
30800,1261367313,555161778,1,4295032832,00000000ffff0000000000000000000000000000000000000000000000000000
30900,1261415259,138496687,1,4295032832,00000000ffff0000000000000000000000000000000000000000000000000000
31000,1261471970,71306090,1,4295032832,00000000ffff0000000000000000000000000000000000000000000000000000
31100,1261521962,193892585,1,4295032832,00000000ffff0000000000000000000000000000000000000000000000000000
31200,1261573765,45454349,1,4295032832,00000000ffff0000000000000000000000000000000000000000000000000000
31300,1261632673,369728515,1,4295032832,00000000ffff0000000000000000000000000000000000000000000000000000
31400,1261692383,475170107,1,4295032832,00000000ffff0000000000000000000000000000000000000000000000000000
31500,1261743287,540822524,1,4295032832,00000000ffff0000000000000000000000000000000000000000000000000000
31600,1261807072,4264095511,1,4295032832,00000000ffff0000000000000000000000000000000000000000000000000000
31700,1261854982,51021490,1,4295032832,00000000ffff0000000000000000000000000000000000000000000000000000
31800,1261911870,97313420,1,4295032832,00000000ffff0000000000000000000000000000000000000000000000000000
31900,1261955295,91777365,1,4295032832,00000000ffff0000000000000000000000000000000000000000000000000000
32000,1262025496,139894960,1,4295032832,00000000ffff0000000000000000000000000000000000000000000000000000
32100,1262076901,27249157,1,4295032832,00000000ffff0000000000000000000000000000000000000000000000000000
32200,1262126814,36865387,1,4295032832,00000000ffff0000000000000000000000000000000000000000000000000000
32300,1262179080,86961484,1,5080592338,00000000d86a0000000000000000000000000000000000000000000000000000
32400,1262243767,70783001,1,5080592338,00000000d86a0000000000000000000000000000000000000000000000000000
32500,1262308831,124638227,1,5080592338,00000000d86a0000000000000000000000000000000000000000000000000000
32600,1262375972,97653854,1,5080592338,00000000d86a0000000000000000000000000000000000000000000000000000
32700,1262447276,178021660,1,5080592338,00000000d86a0000000000000000000000000000000000000000000000000000
32800,1262509948,31108817,1,5080592338,00000000d86a0000000000000000000000000000000000000000000000000000
32900,1262548871,73508361,1,5080592338,00000000d86a0000000000000000000000000000000000000000000000000000
33000,1262590228,1393954566,1,5080592338,00000000d86a0000000000000000000000000000000000000000000000000000
33100,1262643527,2358657030,1,5080592338,00000000d86a0000000000000000000000000000000000000000000000000000
33200,1262684218,3542065159,1,5080592338,00000000d86a0000000000000000000000000000000000000000000000000000
33300,1262730178,36553520,1,5080592338,00000000d86a0000000000000000000000000000000000000000000000000000
33400,1262782656,163840339,1,5080592338,00000000d86a0000000000000000000000000000000000000000000000000000
33500,1262836990,168192413,1,5080592338,00000000d86a0000000000000000000000000000000000000000000000000000
33600,1262891876,66163543,1,5080592338,00000000d86a0000000000000000000000000000000000000000000000000000
33700,1262950750,11098409,1,5080592338,00000000d86a0000000000000000000000000000000000000000000000000000
33800,1263003723,1027669,1,5080592338,00000000d86a0000000000000000000000000000000000000000000000000000
33900,1263064309,200945631,1,5080592338,00000000d86a0000000000000000000000000000000000000000000000000000
34000,1263115446,184708140,1,5080592338,00000000d86a0000000000000000000000000000000000000000000000000000
34100,1263157715,126413430,1,5080592338,00000000d86a0000000000000000000000000000000000000000000000000000
34200,1263212954,14188995,1,5080592338,00000000d86a0000000000000000000000000000000000000000000000000000
34300,1263268297,4071938330,1,5605284704,00000000c4280000000000000000000000000000000000000000000000000000
34400,1263318501,268729712,1,5605284704,00000000c4280000000000000000000000000000000000000000000000000000
34500,1263367040,180453800,1,5605284704,00000000c4280000000000000000000000000000000000000000000000000000
34600,1263425094,15809334,1,5605284704,00000000c4280000000000000000000000000000000000000000000000000000
34700,1263487096,118952956,1,5605284704,00000000c4280000000000000000000000000000000000000000000000000000
34800,1263545925,25864309,1,5605284704,00000000c4280000000000000000000000000000000000000000000000000000
34900,1263605609,166303584,1,5605284704,00000000c4280000000000000000000000000000000000000000000000000000
35000,1263674879,121950785,1,5605284704,00000000c4280000000000000000000000000000000000000000000000000000
35100,1263745510,386602509,1,5605284704,00000000c4280000000000000000000000000000000000000000000000000000
35200,1263807363,3266345500,1,5605284704,00000000c4280000000000000000000000000000000000000000000000000000
35300,1263884526,703615161,1,5605284704,00000000c4280000000000000000000000000000000000000000000000000000
35400,1263951716,204165869,1,5605284704,00000000c4280000000000000000000000000000000000000000000000000000
35500,1264010901,478778525,1,5605284704,00000000c4280000000000000000000000000000000000000000000000000000
35600,1264058920,187615501,1,5605284704,00000000c4280000000000000000000000000000000000000000000000000000
35700,1264104370,14046637,1,5605284704,00000000c4280000000000000000000000000000000000000000000000000000
35800,1264163896,3815616263,1,5605284704,00000000c4280000000000000000000000000000000000000000000000000000
35900,1264225263,36243289,1,5605284704,00000000c4280000000000000000000000000000000000000000000000000000
36000,1264280210,323931770,1,5605284704,00000000c4280000000000000000000000000000000000000000000000000000
36100,1264345012,42978843,1,5605284704,00000000c4280000000000000000000000000000000000000000000000000000
36200,1264391397,149788318,1,5605284704,00000000c4280000000000000000000000000000000000000000000000000000
36300,1264429414,219195586,1,5773490384,00000000be710000000000000000000000000000000000000000000000000000
36400,1264473342,503203888,1,5773490384,00000000be710000000000000000000000000000000000000000000000000000
36500,1264514330,163295603,1,5773490384,00000000be710000000000000000000000000000000000000000000000000000
36600,1264560670,382662140,1,5773490384,00000000be710000000000000000000000000000000000000000000000000000
36700,1264613559,589666565,1,5773490384,00000000be710000000000000000000000000000000000000000000000000000
36800,1264668367,36166051,1,5773490384,00000000be710000000000000000000000000000000000000000000000000000
36900,1264713632,220619716,1,5773490384,00000000be710000000000000000000000000000000000000000000000000000
37000,1264758019,328370500,1,5773490384,00000000be710000000000000000000000000000000000000000000000000000
37100,1264802156,2323297047,1,5773490384,00000000be710000000000000000000000000000000000000000000000000000
37200,1264847352,172058106,1,5773490384,00000000be710000000000000000000000000000000000000000000000000000
37300,1264886945,43584657,1,5773490384,00000000be710000000000000000000000000000000000000000000000000000
37400,1264931989,11203607,1,5773490384,00000000be710000000000000000000000000000000000000000000000000000
37500,1264984415,216276671,1,5773490384,00000000be710000000000000000000000000000000000000000000000000000
37600,1265030514,347499516,1,5773490384,00000000be710000000000000000000000000000000000000000000000000000
37700,1265089521,260732277,1,5773490384,00000000be710000000000000000000000000000000000000000000000000000
37800,1265145356,446658219,1,5773490384,00000000be710000000000000000000000000000000000000000000000000000
37900,1265183771,32990257,1,5773490384,00000000be710000000000000000000000000000000000000000000000000000
38000,1265213576,189716846,1,5773490384,00000000be710000000000000000000000000000000000000000000000000000
38100,1265244991,238686197,1,5773490384,00000000be710000000000000000000000000000000000000000000000000000
38200,1265288418,175334393,1,5773490384,00000000be710000000000000000000000000000000000000000000000000000
38300,1265317911,11894890,1,5773490384,00000000be710000000000000000000000000000000000000000000000000000
38400,1265360099,3724058625,1,7811155174,000000008cc30000000000000000000000000000000000000000000000000000
38500,1265394038,157765652,1,7811155174,000000008cc30000000000000000000000000000000000000000000000000000
38600,1265438877,178121917,1,7811155174,000000008cc30000000000000000000000000000000000000000000000000000
38700,1265484789,57070519,1,7811155174,000000008cc30000000000000000000000000000000000000000000000000000
38800,1265533959,443417583,1,7811155174,000000008cc30000000000000000000000000000000000000000000000000000
38900,1265567113,113444084,1,7811155174,000000008cc30000000000000000000000000000000000000000000000000000
39000,1265605141,992498947,1,7811155174,000000008cc30000000000000000000000000000000000000000000000000000
39100,1265649786,365161097,1,7811155174,000000008cc30000000000000000000000000000000000000000000000000000
39200,1265691088,1609927432,1,7811155174,000000008cc30000000000000000000000000000000000000000000000000000
39300,1265731519,53937269,1,7811155174,000000008cc30000000000000000000000000000000000000000000000000000
39400,1265776309,35313439,1,7811155174,000000008cc30000000000000000000000000000000000000000000000000000
39500,1265836753,3603038217,1,7811155174,000000008cc30000000000000000000000000000000000000000000000000000
39600,1265883641,160842508,1,7811155174,000000008cc30000000000000000000000000000000000000000000000000000
39700,1265935023,91260454,1,7811155174,000000008cc30000000000000000000000000000000000000000000000000000
39800,1265982364,19804516,1,7811155174,000000008cc30000000000000000000000000000000000000000000000000000
39900,1266024359,24967956,1,7811155174,000000008cc30000000000000000000000000000000000000000000000000000
40000,1266062664,3474096156,1,7811155174,000000008cc30000000000000000000000000000000000000000000000000000
40100,1266100982,42175348,1,7811155174,000000008cc30000000000000000000000000000000000000000000000000000
40200,1266144395,295389863,1,7811155174,000000008cc30000000000000000000000000000000000000000000000000000
40300,1266181218,28067243,1,7811155174,000000008cc30000000000000000000000000000000000000000000000000000
40400,1266231791,306398683,2,10856718626,0000000065465700000000000000000000000000000000000000000000000000
40500,1266279725,148716467,2,10856718626,0000000065465700000000000000000000000000000000000000000000000000
40600,1266327938,158013236,2,10856718626,0000000065465700000000000000000000000000000000000000000000000000
40700,1266368237,6616108,2,10856718626,0000000065465700000000000000000000000000000000000000000000000000
40800,1266408262,54628530,2,10856718626,0000000065465700000000000000000000000000000000000000000000000000
40900,1266440796,9624962,2,10856718626,0000000065465700000000000000000000000000000000000000000000000000
41000,1266481780,56868235,2,10856718626,0000000065465700000000000000000000000000000000000000000000000000
41100,1266519726,279992306,2,10856718626,0000000065465700000000000000000000000000000000000000000000000000
41200,1266566983,3029840130,2,10856718626,0000000065465700000000000000000000000000000000000000000000000000
41300,1266613463,111539002,2,10856718626,0000000065465700000000000000000000000000000000000000000000000000
41400,1266651107,129254397,2,10856718626,0000000065465700000000000000000000000000000000000000000000000000
41500,1266693389,75826290,2,10856718626,0000000065465700000000000000000000000000000000000000000000000000
41600,1266726915,315042287,2,10856718626,0000000065465700000000000000000000000000000000000000000000000000
41700,1266772936,8655847,2,10856718626,0000000065465700000000000000000000000000000000000000000000000000
41800,1266809476,72871991,2,10856718626,0000000065465700000000000000000000000000000000000000000000000000
41900,1266844003,111734204,2,10856718626,0000000065465700000000000000000000000000000000000000000000000000
42000,1266878373,84734110,2,10856718626,0000000065465700000000000000000000000000000000000000000000000000
42100,1266914826,320175214,2,10856718626,0000000065465700000000000000000000000000000000000000000000000000
42200,1266945870,107693511,2,10856718626,0000000065465700000000000000000000000000000000000000000000000000
42300,1266983175,215189068,2,10856718626,0000000065465700000000000000000000000000000000000000000000000000
42400,1267033736,155340117,3,16240289034,0000000043b3e500000000000000000000000000000000000000000000000000
42500,1267091908,97337286,3,16240289034,0000000043b3e500000000000000000000000000000000000000000000000000
42600,1267144270,149326198,3,16240289034,0000000043b3e500000000000000000000000000000000000000000000000000
42700,1267195705,38041247,3,16240289034,0000000043b3e500000000000000000000000000000000000000000000000000
42800,1267247476,2308885274,3,16240289034,0000000043b3e500000000000000000000000000000000000000000000000000
42900,1267295505,2818052123,3,16240289034,0000000043b3e500000000000000000000000000000000000000000000000000
43000,1267344579,78584063,3,16240289034,0000000043b3e500000000000000000000000000000000000000000000000000
43100,1267403321,2977595393,3,16240289034,0000000043b3e500000000000000000000000000000000000000000000000000
43200,1267445544,77563365,3,16240289034,0000000043b3e500000000000000000000000000000000000000000000000000
43300,1267490858,14600530,3,16240289034,0000000043b3e500000000000000000000000000000000000000000000000000
43400,1267536497,52591200,3,16240289034,0000000043b3e500000000000000000000000000000000000000000000000000
43500,1267587967,943185948,3,16240289034,0000000043b3e500000000000000000000000000000000000000000000000000
43600,1267642637,152889671,3,16240289034,0000000043b3e500000000000000000000000000000000000000000000000000
43700,1267693482,1651174684,3,16240289034,0000000043b3e500000000000000000000000000000000000000000000000000
43800,1267739629,15003995,3,16240289034,0000000043b3e500000000000000000000000000000000000000000000000000
43900,1267789443,1884963608,3,16240289034,0000000043b3e500000000000000000000000000000000000000000000000000
44000,1267837351,3590097417,3,16240289034,0000000043b3e500000000000000000000000000000000000000000000000000
44100,1267888264,113535595,3,16240289034,0000000043b3e500000000000000000000000000000000000000000000000000
44200,1267942789,168262345,3,16240289034,0000000043b3e500000000000000000000000000000000000000000000000000
44300,1267985709,167446899,3,16240289034,0000000043b3e500000000000000000000000000000000000000000000000000
44400,1268045787,36719011,4,19461144884,00000000387f6f00000000000000000000000000000000000000000000000000
44500,1268105491,38641188,4,19461144884,00000000387f6f00000000000000000000000000000000000000000000000000
44600,1268168620,164297383,4,19461144884,00000000387f6f00000000000000000000000000000000000000000000000000
44700,1268228444,36638230,4,19461144884,00000000387f6f00000000000000000000000000000000000000000000000000
44800,1268282841,889536471,4,19461144884,00000000387f6f00000000000000000000000000000000000000000000000000
44900,1268348761,105339249,4,19461144884,00000000387f6f00000000000000000000000000000000000000000000000000
45000,1268419114,1299615251,4,19461144884,00000000387f6f00000000000000000000000000000000000000000000000000
45100,1268471148,76294738,4,19461144884,00000000387f6f00000000000000000000000000000000000000000000000000
45200,1268534707,50980350,4,19461144884,00000000387f6f00000000000000000000000000000000000000000000000000
45300,1268606472,270730755,4,19461144884,00000000387f6f00000000000000000000000000000000000000000000000000
45400,1268675502,223345606,4,19461144884,00000000387f6f00000000000000000000000000000000000000000000000000
45500,1268738298,443655071,4,19461144884,00000000387f6f00000000000000000000000000000000000000000000000000
45600,1268802826,374923780,4,19461144884,00000000387f6f00000000000000000000000000000000000000000000000000
45700,1268866688,129164894,4,19461144884,00000000387f6f00000000000000000000000000000000000000000000000000
45800,1268921956,254246445,4,19461144884,00000000387f6f00000000000000000000000000000000000000000000000000
45900,1268991967,741260076,4,19461144884,00000000387f6f00000000000000000000000000000000000000000000000000
46000,1269043491,40754730,4,19461144884,00000000387f6f00000000000000000000000000000000000000000000000000
46100,1269086762,7678936,4,19461144884,00000000387f6f00000000000000000000000000000000000000000000000000
46200,1269134655,3149493,4,19461144884,00000000387f6f00000000000000000000000000000000000000000000000000
46300,1269183219,63734740,4,19461144884,00000000387f6f00000000000000000000000000000000000000000000000000
46400,1269230495,120024465,4,19607524586,0000000038137500000000000000000000000000000000000000000000000000
46500,1269281116,9339508,4,19607524586,0000000038137500000000000000000000000000000000000000000000000000
46600,1269322497,383223015,4,19607524586,0000000038137500000000000000000000000000000000000000000000000000
46700,1269364627,23608170,4,19607524586,0000000038137500000000000000000000000000000000000000000000000000
46800,1269411975,205119206,4,19607524586,0000000038137500000000000000000000000000000000000000000000000000
46900,1269459765,106949319,4,19607524586,0000000038137500000000000000000000000000000000000000000000000000
47000,1269508184,238934491,4,19607524586,0000000038137500000000000000000000000000000000000000000000000000
47100,1269554120,92700929,4,19607524586,0000000038137500000000000000000000000000000000000000000000000000
47200,1269603521,16828489,4,19607524586,0000000038137500000000000000000000000000000000000000000000000000
47300,1269642479,241713697,4,19607524586,0000000038137500000000000000000000000000000000000000000000000000
47400,1269696658,89727809,4,19607524586,0000000038137500000000000000000000000000000000000000000000000000
47500,1269737199,9953723,4,19607524586,0000000038137500000000000000000000000000000000000000000000000000
47600,1269787065,68992394,4,19607524586,0000000038137500000000000000000000000000000000000000000000000000
47700,1269834728,3979086870,4,19607524586,0000000038137500000000000000000000000000000000000000000000000000
47800,1269877160,50552934,4,19607524586,0000000038137500000000000000000000000000000000000000000000000000
47900,1269920089,78277050,4,19607524586,0000000038137500000000000000000000000000000000000000000000000000
48000,1269957904,261374738,4,19607524586,0000000038137500000000000000000000000000000000000000000000000000
48100,1270000828,514016047,4,19607524586,0000000038137500000000000000000000000000000000000000000000000000
48200,1270039234,149209172,4,19607524586,0000000038137500000000000000000000000000000000000000000000000000
48300,1270080890,3380451,4,19607524586,0000000038137500000000000000000000000000000000000000000000000000
48400,1270131549,2648212502,6,26137323114,000000002a111500000000000000000000000000000000000000000000000000
48500,1270191642,305056520,6,26137323114,000000002a111500000000000000000000000000000000000000000000000000
48600,1270242202,191537907,6,26137323114,000000002a111500000000000000000000000000000000000000000000000000
48700,1270291064,33032339,6,26137323114,000000002a111500000000000000000000000000000000000000000000000000
48800,1270349045,956722457,6,26137323114,000000002a111500000000000000000000000000000000000000000000000000
